{
  "version":"0.5.2",
  "changeList":[
    {
      "version":"0.1.1",
      "files":["main.js","index/update.html","index/index.html"],
      "detail":["添加自动更新的能力"]
    },{
      "version":"0.1.2",
      "files":["main.js","store/Store.js","store/LocalStore.js","index/index.html","recent/chat.html","recent/recent.html"],
      "detail":["独立出存储通用接口","精确提示新消息个数"]
    },{
      "version":"0.1.3",
      "files":["channel/LocalWSChannel.js","channel/WSChannel.js","index/index.html"],
      "detail":["独立出通信通用接口"]
    },{
      "version":"0.1.4",
      "files":["channel/WSChannel.js","recent/chat.html","recent/chatBox.html"],
      "detail":["完善通信管道，异步获取管道，增加心跳机制","拆分发送桌面版消息，使和移动端消息格式兼容"]
    },{
      "version":"0.1.5",
      "files":["main.js"],
      "detail":["完善更新程序"]
    },{
      "version":"0.1.6",
      "files":["contact/addFriend.html","contact/contact.html","contact/detail.html","contact/request.html",
        "css/index.css","css/MaterialIcons-Regular.woff2",
        "index/index.html","index/main.html",
        "main.js","mine/mine.html",
        "recent/addGroup.html","recent/chat.html","recent/default.html","recent/recent.html"],
      "detail":["新的整体界面风格"]
    },{
      "version":"0.1.7",
      "files":["css/index.css","css/MaterialIcons-Regular.ttf","css/MaterialIcons-Regular.woff"],
      "detail":["解决文字图标无法显示的问题"]
    },{
      "version":"0.1.8",
      "files":["index/main.html","index/update.html","main.js","mine/mine.html"],
      "detail":["完善代码升级"]
    },{
      "version":"0.1.9",
      "files":["index/main.html","index/update.html","main.js","mine/mine.html"],
      "detail":["强制更新所有版本变化内容","增大窗口默认尺寸","完善版本大小判断"]
    },{
      "version":"0.1.10",
      "files":["index/main.html"],
      "detail":["主页面加新消息提示"]
    },{
      "version":"0.1.11",
      "files":["contact/addFriend.html","contact/contact.html","contact/detail.html","contact/request.html",
        "index/index.html","index/main.html",
        "recent/addGroup.html","recent/chat.html","recent/default.html","recent/recent.html",
        "store/Store.js"
      ],
      "detail":["提供两种界面主题，并支持主题切换"]
    },{
      "version":"0.2.0",
      "files":["channel/WSChannel.js","contact/addFriend.html","index/index.html",
        "index/loading.html","index/login.html","index/register.html","mine/mine.html",
        "recent/addGroup.html","recent/chat.html","store/Store.js","store/LocalStore.js",
        "asars/sqlite3.asar","index/index.bundle.js","main.bundle.js"
      ],
      "detail":["支持一账户多设备，扫码注册，webpack打包"]
    },{
      "version":"0.3.1",
      "files":["store/Store.js","store/LocalStore.js","channel/WSChannel.js","channel/LocalWSChannel.js",
        "index/index.html","index/login.html","mine/mine.html","recent/chat.html","main.bundle.js","index/index.bundle.js"],
      "detail":[""]
    },{
      "version":"0.3.2",
      "files":["recent/chatBox.html","channel/WSChannel.js","index/login.html","mine/mine.html","recent/chat.html","store/Store.js","store/LocalStore.js","main.js","main.bundle.js"],
      "detail":[""]
    },{
      "version":"0.3.3",
      "files":["recent/chatBox.html","recent/chat.html","main.js","main.bundle.js"],
      "detail":[""]
    },{
      "version":"0.3.4",
      "files":["index/index.bundle.js","store/LocalStore.js","main.bundle.js"],
      "detail":[""]
    },{
      "version":"0.3.5",
      "files":["recent/chatBox.html","recent/chat.html","main.js","main.bundle.js"],
      "detail":[""]
    },{
      "version":"0.3.6",
      "files":["recent/chatBox.html"],
      "detail":[""]
    },{
      "version":"0.3.7",
      "files":["contact/addFriend.html","contact/contact.html","contact/detail.html","contact/request.html",
        "index/index.html","mine/mine.html",
        "recent/addGroup.html","recent/chat.html","recent/chatBox.html","recent/default.html","recent/recent.html",
      "images/chat-w-r.png","images/chat-y-l.png"],
      "detail":[""]
    },{
      "version":"0.3.8",
      "files":["recent/chat.html","recent/chatBox.html","images/bottom-arrow.png","recent/faces.js"],
      "detail":[""]
    },{
      "version":"0.3.9",
      "files":["channel/WSChannel.js","recent/chat.html","store/Store.js","recent/showCapture.html","main.bundle.js","index/index.bundle.js"],
      "detail":[""]
    },{
      "version":"0.4.1",
      "files":["recent/chat.html","recent/chatBox.html","recent/showCapture.html","main.bundle.js","index/index.bundle.js"],
      "detail":[""]
    },{
      "version":"0.4.2",
      "files":["recent/chat.html","store/Store.js","channel/WSChannel.js"],
      "detail":[""]
    },{
      "version":"0.5.0",
      "files":["channel/WSChannel.js","index/register.html","mine/mine.html","recent/chat.html","recent/chatBox.html","store/LocalStore.js","store/Store.js"],
      "detail":[""]
    },{
      "version":"0.5.1",
      "files":["channel/WSChannel.js","mine/mine.html","recent/chat.html","store/Store.js","index/index.html"],
      "detail":[""]
    },{
      "version":"0.5.2",
      "files":["recent/chat.html","store/Store.js"],
      "detail":[""]
    }
  ]

}